Workbook

Sheet Summary
A1: TOTALI GENERALI
A2: Totale test case | B2: =COUNTA('Test book - Funzionale'!D2:D500)+COUNTA('Test book - Tecnico'!D2:D500) -> 52
A3: Da eseguire | B3: =COUNTIF('Test book - Funzionale'!H2:H500,"to be tested")+COUNTIF('Test book - Tecnico'!H2:H500,"to be tested") -> 52
A4: Superato | B4: =COUNTIF('Test book - Funzionale'!H2:H500,"passed")+COUNTIF('Test book - Tecnico'!H2:H500,"passed") -> 0
A5: Da ripetere | B5: =COUNTIF('Test book - Funzionale'!H2:H500,"to be retested")+COUNTIF('Test book - Tecnico'!H2:H500,"to be retested") -> 0
A6: Fallito | B6: =COUNTIF('Test book - Funzionale'!H2:H500,"failed")+COUNTIF('Test book - Tecnico'!H2:H500,"failed") -> 0
A7: Bloccato | B7: =COUNTIF('Test book - Funzionale'!H2:H500,"blocked")+COUNTIF('Test book - Tecnico'!H2:H500,"blocked") -> 0
A8: Rimandato | B8: =COUNTIF('Test book - Funzionale'!H2:H500,"post-poned")+COUNTIF('Test book - Tecnico'!H2:H500,"post-poned") -> 0
A10: PER FOGLIO
A11: Foglio | B11: Test Case | C11: Superati | D11: Falliti
A12: Test book - Funzionale | B12: =COUNTA('Test book - Funzionale'!D2:D500) -> 31 | C12: =COUNTIF('Test book - Funzionale'!H2:H500,"passed") -> 0 | D12: =COUNTIF('Test book - Funzionale'!H2:H500,"failed") -> 0
A13: Test book - Tecnico | B13: =COUNTA('Test book - Tecnico'!D2:D500) -> 21 | C13: =COUNTIF('Test book - Tecnico'!H2:H500,"passed") -> 0 | D13: =COUNTIF('Test book - Tecnico'!H2:H500,"failed") -> 0
A15: PER AREA
A16: Area | B16: F — Test | C16: F — Superati | D16: T — Test | E16: T — Superati
A17: Login & Navigazione | B17: =COUNTIF('Test book - Funzionale'!B2:B500,"Login & Navigazione") -> 2 | C17: =COUNTIFS('Test book - Funzionale'!B2:B500,"Login & Navigazione",'Test book - Funzionale'!H2:H500,"passed") -> 0 | D17: =COUNTIF('Test book - Tecnico'!B2:B500,"Login & Navigazione") -> 2 | E17: =COUNTIFS('Test book - Tecnico'!B2:B500,"Login & Navigazione",'Test book - Tecnico'!H2:H500,"passed") -> 0
A18: Anagrafica CER | B18: =COUNTIF('Test book - Funzionale'!B2:B500,"Anagrafica CER") -> 2 | C18: =COUNTIFS('Test book - Funzionale'!B2:B500,"Anagrafica CER",'Test book - Funzionale'!H2:H500,"passed") -> 0 | D18: =COUNTIF('Test book - Tecnico'!B2:B500,"Anagrafica CER") -> 3 | E18: =COUNTIFS('Test book - Tecnico'!B2:B500,"Anagrafica CER",'Test book - Tecnico'!H2:H500,"passed") -> 0
A19: Pipeline CRM — Gestione Opportunità | B19: =COUNTIF('Test book - Funzionale'!B2:B500,"Pipeline CRM — Gestione Opportunità") -> 6 | C19: =COUNTIFS('Test book - Funzionale'!B2:B500,"Pipeline CRM — Gestione Opportunità",'Test book - Funzionale'!H2:H500,"passed") -> 0 | D19: =COUNTIF('Test book - Tecnico'!B2:B500,"Pipeline CRM — Gestione Opportunità") -> 4 | E19: =COUNTIFS('Test book - Tecnico'!B2:B500,"Pipeline CRM — Gestione Opportunità",'Test book - Tecnico'!H2:H500,"passed") -> 0
A20: Offerta Rifiuti Speciali | B20: =COUNTIF('Test book - Funzionale'!B2:B500,"Offerta Rifiuti Speciali") -> 6 | C20: =COUNTIFS('Test book - Funzionale'!B2:B500,"Offerta Rifiuti Speciali",'Test book - Funzionale'!H2:H500,"passed") -> 0 | D20: =COUNTIF('Test book - Tecnico'!B2:B500,"Offerta Rifiuti Speciali") -> 4 | E20: =COUNTIFS('Test book - Tecnico'!B2:B500,"Offerta Rifiuti Speciali",'Test book - Tecnico'!H2:H500,"passed") -> 0
A21: Offerta TMB | B21: =COUNTIF('Test book - Funzionale'!B2:B500,"Offerta TMB") -> 2 | C21: =COUNTIFS('Test book - Funzionale'!B2:B500,"Offerta TMB",'Test book - Funzionale'!H2:H500,"passed") -> 0 | D21: =COUNTIF('Test book - Tecnico'!B2:B500,"Offerta TMB") -> 1 | E21: =COUNTIFS('Test book - Tecnico'!B2:B500,"Offerta TMB",'Test book - Tecnico'!H2:H500,"passed") -> 0
A22: Contratto Discarica | B22: =COUNTIF('Test book - Funzionale'!B2:B500,"Contratto Discarica") -> 3 | C22: =COUNTIFS('Test book - Funzionale'!B2:B500,"Contratto Discarica",'Test book - Funzionale'!H2:H500,"passed") -> 0 | D22: =COUNTIF('Test book - Tecnico'!B2:B500,"Contratto Discarica") -> 2 | E22: =COUNTIFS('Test book - Tecnico'!B2:B500,"Contratto Discarica",'Test book - Tecnico'!H2:H500,"passed") -> 0
A23: Firma Digitale & Accettazione | B23: =COUNTIF('Test book - Funzionale'!B2:B500,"Firma Digitale & Accettazione") -> 5 | C23: =COUNTIFS('Test book - Funzionale'!B2:B500,"Firma Digitale & Accettazione",'Test book - Funzionale'!H2:H500,"passed") -> 0 | D23: =COUNTIF('Test book - Tecnico'!B2:B500,"Firma Digitale & Accettazione") -> 2 | E23: =COUNTIFS('Test book - Tecnico'!B2:B500,"Firma Digitale & Accettazione",'Test book - Tecnico'!H2:H500,"passed") -> 0
A24: Documenti Cliente & Chiusura | B24: =COUNTIF('Test book - Funzionale'!B2:B500,"Documenti Cliente & Chiusura") -> 5 | C24: =COUNTIFS('Test book - Funzionale'!B2:B500,"Documenti Cliente & Chiusura",'Test book - Funzionale'!H2:H500,"passed") -> 0 | D24: =COUNTIF('Test book - Tecnico'!B2:B500,"Documenti Cliente & Chiusura") -> 3 | E24: =COUNTIFS('Test book - Tecnico'!B2:B500,"Documenti Cliente & Chiusura",'Test book - Tecnico'!H2:H500,"passed") -> 0

Sheet Test book - Funzionale
A1: ID | B1: Area | C1: Step ID | D1: Titolo | E1: Pre-Requisiti | F1: Descrizione Passaggi | G1: Risultato Atteso | H1: Esito Test | I1: Data Test | J1: Tester | K1: Note
A2: Area 1 — Login & Navigazione Il sistema Odoo è accessibile tramite browser da qualsiasi postazione aziendale. Ogni utente TEA A&E accede con le proprie credenziali e visualizza il menu 'Gestione Rifiuti' con le sezioni previste per il proprio ruolo. Questi test verificano che l'accesso funzioni correttamente e che ciascun utente veda solo le funzioni di propria competenza (Commerciale, Approvatore, Backoffice).
A3: 1 | B3: Login & Navigazione | C3: 1 | D3: Accesso con profilo Commerciale | E3: Credenziali utente Commerciale (Noemi Menegazzo) disponibili e comunicate. | F3: 1. Apri il browser e vai all'indirizzo del sistema Odoo. 2. Inserisci nome utente e password del profilo Commerciale. 3. Clicca su 'Accedi'. 4. Verifica che nel menu principale sia visibile la voce 'Gestione Rifiuti'. 5. Espandi il menu e controlla che siano presenti: Anagrafica CER, Offerte, Listino Fornitori. | G3: L'accesso avviene correttamente. Il menu 'Gestione Rifiuti' è visibile con le sezioni Anagrafica CER, Offerte e Listino Fornitori. Il menu 'Configurazione' non è presente. | H3: to be tested
A4: 1 | B4: Login & Navigazione | C4: 2 | D4: Accesso con profilo Approvatore | E4: Credenziali utente Approvatore (Andrea Bassoli) disponibili. | F4: 1. Se già connesso, esegui il logout. 2. Accedi con le credenziali del profilo Approvatore (Andrea Bassoli). 3. Espandi il menu 'Gestione Rifiuti'. 4. Verifica quali voci di menu sono visibili. | G4: Il profilo Approvatore vede solo la voce 'Offerte' in Gestione Rifiuti. Le voci Anagrafica CER, Listino Fornitori e Configurazione non sono visibili. | H4: to be tested
A5: Area 2 — Anagrafica CER Il catalogo prodotti CER contiene tutti i codici rifiuto gestiti da TEA A&E, con i relativi impianti di destinazione e i prezzi del listino fornitori. Il personale commerciale può consultare prodotti e impianti per verificare la disponibilità di trattamento e i prezzi prima di preparare un'offerta. Questi test verificano che le informazioni anagrafiche siano correttamente caricate, consultabili e coerenti con i dati forniti.
A6: 2 | B6: Anagrafica CER | C6: 1 | D6: Ricerca e consultazione prodotto CER | E6: Accesso con profilo Commerciale. | F6: 1. Dal menu 'Gestione Rifiuti', clicca su 'Anagrafica CER' → 'Prodotti CER'. 2. Nella barra di ricerca inserisci parte di un codice rifiuto (es. '020104'). 3. Clicca sul prodotto trovato per aprire il dettaglio. 4. Verifica che siano visibili: codice rifiuto, descrizione, stato fisico. 5. Scorri verso il basso e verifica la sezione Listino Fornitori con gli impianti disponibili e i prezzi di acquisto. | G6: Il prodotto è trovato. Il dettaglio mostra codice, descrizione, stato fisico e il listino con gli impianti disponibili e i rispettivi prezzi di acquisto. | H6: to be tested
A7: 2 | B7: Anagrafica CER | C7: 2 | D7: Consultazione impianti di trattamento | E7: Accesso con profilo Commerciale. | F7: 1. Dal menu 'Gestione Rifiuti', clicca su 'Listino Fornitori' → 'Impianti di Trattamento'. 2. Cerca un impianto per nome nella barra di ricerca. 3. Apri il dettaglio dell'impianto. 4. Verifica che siano presenti ragione sociale, indirizzo e il flag 'Impianto di Trattamento' attivo. | G7: L'impianto è trovato e il dettaglio mostra correttamente i dati anagrafici e il flag 'Impianto di Trattamento' attivo. | H7: to be tested
A8: Area 3 — Pipeline CRM — Gestione Opportunità Il processo commerciale di TEA A&E si svolge attraverso 6 fasi consecutive: dalla ricezione della richiesta del cliente (Nuovo) fino alla conclusione del contratto (Offerta accettata). Il sistema guida il commerciale in ogni fase, verificando che le condizioni necessarie siano soddisfatte prima di consentire l'avanzamento. Questi test coprono l'intero flusso per tutte e tre le tipologie: Rifiuti Speciali, TMB e Discarica.
A9: 3 | B9: Pipeline CRM — Gestione Opportunità | C9: 1 | D9: Creazione nuova opportunità — Rifiuti Speciali | E9: Accesso con profilo Commerciale. Cliente già presente in anagrafica. | F9: 1. Vai al menu 'CRM' e clicca su 'Nuovo' per creare un'opportunità. 2. Inserisci il nome dell'opportunità (es. 'RS - Cliente Test - 2026'). 3. Seleziona il cliente dall'anagrafica e il contatto di riferimento. 4. Nel campo 'Tipologia', seleziona 'Rifiuti Speciali'. 5. Verifica che il campo 'Referente Commerciale' sia già impostato con il tuo utente. 6. Salva. | G9: L'opportunità viene creata nello stage 'Nuovo' con tipologia 'Rifiuti Speciali' e referente commerciale impostato. È visibile nella vista kanban del CRM. | H9: to be tested
A10: 3 | B10: Pipeline CRM — Gestione Opportunità | C10: 2 | D10: Verifica blocco avanzamento senza tipologia | E10: Nuova opportunità creata senza impostare la tipologia. | F10: 1. Crea una nuova opportunità senza selezionare la tipologia. 2. Tenta di spostarla sullo stage 'Preso in carico' trascinando la card o modificando il campo Stage. 3. Osserva il messaggio restituito dal sistema. | G10: Il sistema blocca l'avanzamento e mostra un messaggio di errore che richiede di impostare la tipologia prima di poter procedere. | H10: to be tested
A11: 3 | B11: Pipeline CRM — Gestione Opportunità | C11: 3 | D11: Avanzamento a 'Preso in carico' e compilazione documentazione (RS) | E11: Opportunità RS in fase 'Nuovo' con tipologia impostata. | F11: 1. Apri l'opportunità RS. 2. Sposta lo stage su 'Preso in carico'. 3. Apri il tab 'Gestione Rifiuti'. 4. Compila i 4 campi di documentazione: Foto sopralluogo, Sopralluogo effettuato, Informazioni impianto, Informazioni cliente — imposta ciascuno come 'Completato' o 'Non necessario'. 5. Salva. | G11: L'opportunità avanza a 'Preso in carico'. I 4 campi documentazione mostrano lo stato selezionato con indicatore colorato (verde = completato). | H11: to be tested
A12: 3 | B12: Pipeline CRM — Gestione Opportunità | C12: 4 | D12: Avanzamento a 'Elaborazione proposta' con creazione automatica offerta (RS) | E12: Opportunità RS in 'Preso in carico' con tutti e 4 i campi documentazione completati. | F12: 1. Con l'opportunità in 'Preso in carico' e documentazione completa, sposta lo stage su 'Elaborazione proposta'. 2. Verifica che in alto nella scheda compaia il pulsante 'Offerte' con il contatore. 3. Clicca sul pulsante 'Offerte' per aprire l'offerta creata automaticamente. 4. Verifica che l'offerta sia in stato 'Bozza' e del tipo 'Rifiuti Speciali'. | G12: L'opportunità avanza a 'Elaborazione proposta'. Il sistema crea automaticamente una bozza di offerta Rifiuti Speciali collegata all'opportunità. Lo stato dell'offerta è 'Bozza'. | H12: to be tested
A13: 3 | B13: Pipeline CRM — Gestione Opportunità | C13: 5 | D13: Creazione opportunità TMB — flusso senza documentazione obbligatoria | E13: Accesso con profilo Commerciale. Cliente presente in anagrafica. | F13: 1. Crea una nuova opportunità con tipologia 'TMB'. 2. Compila cliente, contatto e referente commerciale. 3. Avanza a 'Preso in carico'. 4. Avanza direttamente a 'Elaborazione proposta' (senza compilare i 4 campi documentazione). 5. Verifica che l'offerta TMB venga creata automaticamente. | G13: Per le opportunità TMB l'avanzamento a 'Elaborazione proposta' non richiede la compilazione dei 4 campi documentazione (requisito solo per RS). L'offerta TMB viene creata automaticamente in stato 'Bozza'. | H13: to be tested
A14: 3 | B14: Pipeline CRM — Gestione Opportunità | C14: 6 | D14: Creazione opportunità Discarica — flusso base | E14: Accesso con profilo Commerciale. | F14: 1. Crea una nuova opportunità con tipologia 'Discarica'. 2. Compila cliente, contatto e referente commerciale. 3. Se necessario, imposta il flag 'Fidejussione prevista'. 4. Avanza a 'Preso in carico' e poi a 'Elaborazione proposta'. 5. Verifica che il contratto Discarica venga creato automaticamente. | G14: L'opportunità Discarica avanza correttamente. Il contratto Discarica viene creato automaticamente in stato 'Bozza'. | H14: to be tested
A15: Area 4 — Offerta Rifiuti Speciali L'offerta Rifiuti Speciali è il documento più utilizzato da TEA A&E (circa 400-500 offerte/anno). Il commerciale aggiunge le righe con i codici rifiuto richiesti dal cliente, seleziona l'impianto di destinazione e il sistema calcola automaticamente i prezzi di vendita partendo dal listino fornitori. L'offerta viene poi inviata internamente per l'approvazione prima di essere mandata al cliente.
A16: 4 | B16: Offerta Rifiuti Speciali | C16: 1 | D16: Aggiunta righe CER e verifica calcolo automatico prezzi | E16: Offerta RS in stato 'Bozza' aperta dall'opportunità. Listino fornitori caricato. | F16: 1. Apri l'offerta RS dalla scheda dell'opportunità (pulsante 'Offerte'). 2. Nel tab 'Righe CER', clicca su 'Aggiungi una riga'. 3. Seleziona un codice rifiuto dalla lista (es. cerca per descrizione o codice). 4. Seleziona l'impianto di destinazione dal menu a tendina. 5. Verifica che il sistema compili automaticamente il costo di acquisto, il markup e il prezzo di vendita. 6. Aggiungi una seconda riga con un altro codice rifiuto. 7. Salva l'offerta. | G16: Le righe CER vengono aggiunte correttamente. Per ogni riga, costo, markup e prezzo di vendita vengono calcolati automaticamente dal listino. I valori sono coerenti tra loro (prezzo vendita = costo + markup). | H16: to be tested
A17: 4 | B17: Offerta Rifiuti Speciali | C17: 2 | D17: Modifica manuale del markup su una riga CER | E17: Offerta RS in bozza con almeno una riga CER compilata. | F17: 1. Apri l'offerta RS. 2. Su una riga CER, modifica il valore del campo 'Mark Up %' inserendo una percentuale diversa (es. cambia da 20% a 25%). 3. Clicca fuori dal campo e osserva l'aggiornamento automatico. 4. Prova anche a modificare direttamente il 'Prezzo di vendita' e verifica il ricalcolo del costo e del markup. 5. Salva. | G17: Modificando il markup, il prezzo di vendita si aggiorna automaticamente. Modificando il prezzo di vendita, costo e markup si ricalcolano. I tre valori sono sempre coerenti tra loro. | H17: to be tested
A18: 4 | B18: Offerta Rifiuti Speciali | C18: 3 | D18: Aggiunta servizi aggiuntivi per riga e servizi generali | E18: Offerta RS in bozza con almeno due righe CER. | F18: 1. Su una riga CER, espandi i dettagli e aggiungi un servizio aggiuntivo (es. 'Trasporto a ragno'): inserisci tipo di servizio e prezzo. 2. Aggiungi un secondo servizio aggiuntivo sulla stessa riga (es. 'Analisi'). 3. Vai nel tab 'Servizi Generali' e aggiungi un servizio cumulativo (es. 'Trasporto furgone'): compila descrizione e prezzo. 4. Salva l'offerta. | G18: I servizi aggiuntivi per riga vengono aggiunti correttamente accanto alla riga CER. I servizi generali compaiono nella sezione dedicata. Tutti i prezzi sono visibili e salvati correttamente. | H18: to be tested
A19: 4 | B19: Offerta Rifiuti Speciali | C19: 4 | D19: Anteprima PDF offerta RS | E19: Offerta RS in bozza con almeno una riga CER compilata. | F19: 1. Apri l'offerta RS. 2. Clicca il pulsante 'Apri PDF'. 3. Verifica nel PDF: intestazione TEA A&E, dati del cliente e contatto, righe CER con le descrizioni e i prezzi di vendita al cliente, note offerta. 4. Controlla che non siano visibili informazioni interne (es. stato fisico del rifiuto, codici HP, operazione R/D, costi di acquisto). | G19: Il PDF viene generato e si apre nel browser. Contiene tutte le informazioni necessarie per il cliente in formato professionale. I dati tecnici interni (costi acquisto, HP, operazione R/D, stato fisico) non sono visibili nella versione destinata al cliente. | H19: to be tested
A20: 4 | B20: Offerta Rifiuti Speciali | C20: 5 | D20: Invio offerta RS in approvazione | E20: Offerta RS in bozza con righe CER compilate e PDF verificato. | F20: 1. Apri l'offerta RS. 2. Clicca il pulsante 'Invia in approvazione'. 3. Verifica che l'offerta passi allo stato 'In approvazione'. 4. Verifica che i campi di modifica risultino bloccati (offerta in sola lettura). 5. Verifica che il responsabile approvatore (Andrea Bassoli) riceva una notifica. | G20: L'offerta passa allo stato 'In approvazione'. I campi non sono più modificabili. Il responsabile approvatore riceve una notifica per procedere con la revisione. | H20: to be tested
A21: 4 | B21: Offerta Rifiuti Speciali | C21: 6 | D21: Creazione seconda versione offerta sulla stessa opportunità | E21: Opportunità RS in 'Elaborazione proposta' con una prima offerta già in bozza. | F21: 1. Dalla scheda dell'opportunità, clicca il pulsante 'Nuova Offerta'. 2. Compila la nuova offerta con righe CER diverse o prezzi aggiornati. 3. Verifica che il pulsante 'Offerte' mostri il contatore aggiornato (es. '2 Offerte'). 4. Apri la lista delle offerte e verifica che entrambe le versioni siano presenti. | G21: È possibile avere più versioni di offerta sulla stessa opportunità. Entrambe sono visibili e accessibili dalla scheda dell'opportunità. Il contatore offerte si aggiorna correttamente. | H21: to be tested
A22: Area 5 — Offerta TMB L'offerta TMB (Trattamento Meccanico Biologico) è un documento più breve rispetto all'offerta Rifiuti Speciali: contiene un singolo tipo di rifiuto e condizioni fisse di conferimento. Anche questa offerta segue il flusso di approvazione interna prima dell'invio al cliente. Questi test verificano la compilazione corretta e l'avanzamento del flusso.
A23: 5 | B23: Offerta TMB | C23: 1 | D23: Compilazione completa offerta TMB | E23: Offerta TMB in stato 'Bozza', aperta dall'opportunità TMB. | F23: 1. Apri l'offerta TMB dalla scheda dell'opportunità. 2. Verifica che la tipologia sia già impostata su 'TMB'. 3. Seleziona il codice rifiuto da trattare. 4. Inserisci le tonnellate stimate, il prezzo di trattamento e il costo trasporto. 5. Inserisci eventuali note. 6. Clicca 'Apri PDF' per verificare l'anteprima del documento. 7. Salva. | G23: L'offerta TMB viene compilata correttamente con tutti i campi. Il PDF mostra il documento con le sezioni previste per il formato TMB (intestazione, dati rifiuto, condizioni di conferimento). I dati inseriti sono tutti presenti nel PDF. | H23: to be tested
A24: 5 | B24: Offerta TMB | C24: 2 | D24: Invio offerta TMB in approvazione | E24: Offerta TMB compilata e verificata in anteprima PDF. | F24: 1. Apri l'offerta TMB compilata. 2. Clicca il pulsante 'Invia in approvazione'. 3. Verifica che lo stato passi a 'In approvazione'. 4. Verifica che Andrea Bassoli riceva la notifica di approvazione. | G24: L'offerta TMB passa in 'In approvazione'. Il responsabile riceve la notifica. I campi risultano bloccati in sola lettura. | H24: to be tested
A25: Area 6 — Contratto Discarica Il contratto Discarica è il documento più formale della piattaforma: un contratto articolato per il conferimento rifiuti presso la discarica di Mariana Mantovana. Include un elenco dei produttori dei rifiuti (Allegato 2) che il backoffice compila durante la preparazione. Anche questo contratto deve essere approvato internamente prima dell'invio al cliente per la firma.
A26: 6 | B26: Contratto Discarica | C26: 1 | D26: Compilazione contratto Discarica | E26: Contratto Discarica in stato 'Bozza', aperto dall'opportunità Discarica. | F26: 1. Apri il contratto Discarica dalla scheda dell'opportunità. 2. Compila i campi principali: tipologia rifiuti, tonnellate previste per categoria (rifiuti solidi e fanghi), prezzo per tonnellata, durata contratto. 3. Inserisci eventuali informazioni sulla fidejussione se richiesta. 4. Salva e clicca 'Apri PDF' per verificare l'anteprima del contratto. | G26: Il contratto viene compilato correttamente. Il PDF mostra il contratto completo con tutti gli articoli e i dati inseriti riportati nelle sezioni appropriate. | H26: to be tested
A27: 6 | B27: Contratto Discarica | C27: 2 | D27: Aggiunta produttori dei rifiuti — Allegato 2 | E27: Contratto Discarica in bozza con cliente che ha almeno un'unità produttiva. | F27: 1. Con il contratto Discarica aperto, scorri fino alla sezione 'Produttori (Allegato 2)'. 2. Clicca su 'Aggiungi riga'. 3. Nel campo 'Produttore', seleziona l'unità produttiva del cliente (solo gli indirizzi del cliente sono selezionabili). 4. Seleziona il codice rifiuto associato a quel produttore. 5. Ripeti per ogni produttore da includere nel contratto. 6. Aggiorna l'anteprima PDF e verifica la presenza dell'Allegato 2. | G27: I produttori vengono aggiunti correttamente alla lista. Nel selettore sono visibili solo gli indirizzi collegati al cliente dell'opportunità. Il PDF mostra l'Allegato 2 con l'elenco dei produttori e i rispettivi codici rifiuto. | H27: to be tested
A28: 6 | B28: Contratto Discarica | C28: 3 | D28: Invio contratto Discarica in approvazione | E28: Contratto Discarica compilato con almeno un produttore nell'Allegato 2. | F28: 1. Apri il contratto Discarica compilato. 2. Clicca 'Invia in approvazione'. 3. Verifica che lo stato passi a 'In approvazione' e che i campi siano bloccati. 4. Verifica che il responsabile riceva la notifica. | G28: Il contratto Discarica passa a 'In approvazione'. I dati non sono più modificabili. Il responsabile riceve la notifica per la revisione. | H28: to be tested
A29: Area 7 — Firma Digitale & Accettazione Una volta approvata dall'interno, l'offerta viene inviata al cliente tramite firma digitale: il cliente riceve una email con il documento da firmare online. Quando il cliente firma, il sistema aggiorna automaticamente lo stato dell'opportunità. In alternativa è possibile gestire la firma manuale caricando il PDF firmato. Questi test verificano entrambi i percorsi.
A30: 7 | B30: Firma Digitale & Accettazione | C30: 1 | D30: Approvazione interna dell'offerta (da parte del Responsabile) | E30: Offerta (RS, TMB o Discarica) in stato 'In approvazione'. Accesso con profilo Approvatore. | F30: 1. Accedi con il profilo Approvatore (Andrea Bassoli). 2. Dal menu 'Gestione Rifiuti' → 'Offerte', individua l'offerta in 'In approvazione'. 3. Apri l'offerta e revisionane il contenuto. 4. Clicca il pulsante 'Approva'. 5. Verifica che lo stato dell'offerta passi ad 'Approvata'. | G30: L'offerta passa allo stato 'Approvata'. Il commerciale può ora procedere con l'invio al cliente per la firma. | H30: to be tested
A31: 7 | B31: Firma Digitale & Accettazione | C31: 2 | D31: Rifiuto offerta da parte del Responsabile con motivazione | E31: Offerta in stato 'In approvazione'. Accesso con profilo Approvatore. | F31: 1. Apri l'offerta in 'In approvazione' come Approvatore. 2. Clicca il pulsante 'Rifiuta'. 3. Inserisci il motivo del rifiuto nella finestra che si apre. 4. Conferma il rifiuto. 5. Verifica lo stato dell'offerta e che il commerciale riceva comunicazione. | G31: L'offerta passa a stato 'Rifiutata — in attesa di correzione'. Il motivo del rifiuto è visibile nell'offerta. Il commerciale può modificarla e reinviarla in approvazione. | H31: to be tested
A32: 7 | B32: Firma Digitale & Accettazione | C32: 3 | D32: Invio richiesta firma digitale al cliente | E32: Offerta in stato 'Approvata'. Accesso con profilo Commerciale. | F32: 1. Apri l'offerta approvata come Commerciale. 2. Clicca il pulsante 'Invia per firma digitale'. 3. Verifica che l'offerta passi allo stato 'Inviata'. 4. Verifica che l'opportunità CRM avanzi automaticamente allo stage 'Proposta inviata'. 5. Verifica che il cliente abbia ricevuto l'email con il link per la firma. | G32: L'offerta passa a 'Inviata'. La pipeline CRM avanza automaticamente a 'Proposta inviata' senza intervento manuale. Il cliente riceve l'email con il documento da firmare digitalmente. | H32: to be tested
A33: 7 | B33: Firma Digitale & Accettazione | C33: 4 | D33: Firma digitale da parte del cliente e accettazione automatica | E33: Offerta in stato 'Inviata'. Email di firma inviata al cliente. Ambiente di test con firma simulata. | F33: 1. Apri il link di firma ricevuto via email (simula il comportamento del cliente). 2. Firma digitalmente il documento nell'interfaccia di firma online. 3. Conferma la firma. 4. Torna in Odoo e apri l'offerta: verifica lo stato. 5. Apri l'opportunità CRM e verifica lo stage. | G33: Dopo la firma del cliente, l'offerta passa automaticamente a 'Accettata' senza alcuna azione manuale da parte del commerciale. La pipeline CRM avanza automaticamente a 'Attesa documenti'. | H33: to be tested
A34: 7 | B34: Firma Digitale & Accettazione | C34: 5 | D34: Accettazione manuale con PDF firmato caricato | E34: Offerta in stato 'Approvata'. PDF dell'offerta stampato e firmato a mano disponibile. | F34: 1. Apri l'offerta approvata. 2. Scarica il PDF con 'Apri PDF', stampalo e fallo firmare (o usa un PDF già firmato). 3. Torna nell'offerta e carica il PDF firmato tramite il campo apposito. 4. Clicca il pulsante 'Accettata'. 5. Verifica lo stato dell'offerta e della pipeline CRM. | G34: Il PDF firmato viene allegato correttamente e visibile nel registro attività. L'offerta passa a 'Accettata'. La pipeline CRM avanza automaticamente a 'Attesa documenti'. | H34: to be tested
A35: Area 8 — Documenti Cliente & Chiusura Dopo l'accettazione dell'offerta, il sistema genera automaticamente la lista dei documenti che il cliente deve consegnare (schede di caratterizzazione, informativa privacy, condizioni generali, ecc.). Il backoffice tiene traccia della ricezione di ogni documento. Solo quando tutti i documenti sono ricevuti e firmati è possibile chiudere l'opportunità come 'Offerta accettata'. Questi test verificano l'intero processo documentale.
A36: 8 | B36: Documenti Cliente & Chiusura | C36: 1 | D36: Verifica documenti generati automaticamente alla fase 'Attesa documenti' | E36: Opportunità appena passata allo stage 'Attesa documenti' (a seguito di offerta accettata). | F36: 1. Apri l'opportunità in fase 'Attesa documenti'. 2. Vai nel tab 'Documenti Cliente'. 3. Verifica che i documenti richiesti siano già presenti (es. informativa privacy, condizioni generali, schede di caratterizzazione). 4. Verifica che ogni documento mostri il flag 'Ricevuto' e, se applicabile, 'Firmato'. | G36: I documenti richiesti sono già presenti nel tab 'Documenti Cliente' senza necessità di aggiungerli manualmente. Ogni documento mostra lo stato iniziale 'Non ancora ricevuto'. | H36: to be tested
A37: 8 | B37: Documenti Cliente & Chiusura | C37: 2 | D37: Registrazione ricezione documenti da parte del cliente | E37: Opportunità in 'Attesa documenti' con lista documenti caricata. | F37: 1. Apri il tab 'Documenti Cliente'. 2. Per un documento ricevuto dal cliente, attiva il flag 'Ricevuto'. 3. Se il documento richiede firma, attiva anche il flag 'Firmato'. 4. Ripeti per ogni documento man mano che arrivano. 5. Verifica che il sistema tenga traccia dello stato complessivo di completamento. | G37: Ogni documento aggiornato mostra immediatamente il cambio di stato. Il sistema tiene traccia di quanti documenti sono stati ricevuti rispetto al totale richiesto. | H37: to be tested
A38: 8 | B38: Documenti Cliente & Chiusura | C38: 3 | D38: Invio documenti selezionati al cliente | E38: Opportunità in 'Attesa documenti'. Almeno un documento marcato come 'Da inviare'. | F38: 1. Nel tab 'Documenti Cliente', seleziona i documenti da inviare al cliente attivando il flag 'Da inviare'. 2. Clicca il pulsante 'Invia Documenti Selezionati'. 3. Verifica che si apra la finestra email con i documenti già allegati. 4. Aggiungi eventuali note al corpo email e invia. | G38: La finestra email si apre con i documenti selezionati già allegati. Dopo l'invio, i documenti vengono marcati come inviati nel sistema. | H38: to be tested
A39: 8 | B39: Documenti Cliente & Chiusura | C39: 4 | D39: Chiusura opportunità a 'Offerta accettata' | E39: Opportunità in 'Attesa documenti' con tutti i documenti ricevuti e firmati. | F39: 1. Apri l'opportunità con tutti i documenti completi. 2. Sposta lo stage su 'Offerta accettata'. 3. Verifica che il sistema consenta l'avanzamento. 4. Verifica che l'opportunità risulti chiusa positivamente. | G39: Il sistema consente l'avanzamento a 'Offerta accettata' solo quando tutti i documenti richiesti risultano ricevuti (e firmati se necessario). L'opportunità risulta chiusa con esito positivo. | H39: to be tested
A40: 8 | B40: Documenti Cliente & Chiusura | C40: 5 | D40: Verifica blocco chiusura con documenti incompleti | E40: Opportunità in 'Attesa documenti' con almeno un documento ancora non ricevuto. | F40: 1. Apri un'opportunità in 'Attesa documenti' dove non tutti i documenti sono ancora stati ricevuti. 2. Tenta di spostare lo stage su 'Offerta accettata'. 3. Osserva il comportamento del sistema. | G40: Il sistema blocca l'avanzamento e mostra un messaggio che indica quali documenti mancano. Non è possibile chiudere l'opportunità finché tutti i documenti obbligatori non sono stati ricevuti. | H40: to be tested

Sheet Test book - Tecnico
A1: ID | B1: Area | C1: Step ID | D1: Titolo | E1: Pre-Requisiti | F1: Descrizione Passaggi | G1: Risultato Atteso | H1: Esito Test | I1: Data Test | J1: Tester | K1: Note
A2: 1 | B2: Login & Navigazione | C2: 1 | D2: Verifica ACL: Approvatore non accede ad Anagrafica CER | E2: Accesso con profilo Approvatore. | F2: Verifica che il menu 'Anagrafica CER' non sia visibile. Se accessibile via URL diretto, verifica che venga restituito un errore di accesso negato. | G2: Il menu Anagrafica CER non è visibile per l'Approvatore. L'accesso via URL diretto viene bloccato con errore di permesso. | H2: to be tested
A3: 1 | B3: Login & Navigazione | C3: 2 | D3: Verifica ACL: Commerciale non accede a Configurazione | E3: Accesso con profilo Commerciale. | F3: Verifica che il menu 'Configurazione' non sia visibile. Tenta l'accesso via URL diretto ai menu Tipologie Offerta, Codici HP, Operazioni R/D. | G3: Il menu Configurazione non è visibile per il Commerciale. L'accesso via URL diretto alle pagine di configurazione è bloccato. | H3: to be tested
A4: 2 | B4: Anagrafica CER | C4: 1 | D4: Blocco creazione prodotto CER con codice duplicato | E4: Prodotto con riferimento interno '020104RETIS2' già presente in anagrafica. | F4: Tenta di creare un nuovo prodotto CER con lo stesso riferimento interno '020104RETIS2'. Salva. | G4: Il sistema blocca con errore di unicità. Non è possibile avere due prodotti con lo stesso riferimento interno. | H4: to be tested
A5: 2 | B5: Anagrafica CER | C5: 2 | D5: Blocco prezzi negativi nel listino fornitori | E5: Accesso admin. Almeno una riga listino fornitore presente. | F5: Apri una riga del listino fornitori e modifica il prezzo inserendo un valore negativo (es. -0.10). Salva. | G5: Errore di validazione. I prezzi nel listino fornitori non possono essere negativi. | H5: to be tested
A6: 2 | B6: Anagrafica CER | C6: 3 | D6: Blocco codici HP su rifiuto non pericoloso | E6: Prodotto CER non pericoloso presente nel listino. | F6: Tenta di aggiungere un codice HP (es. HP3) al listino fornitore di un prodotto CER non pericoloso. Salva. | G6: Il sistema blocca con errore. I codici HP non possono essere assegnati a rifiuti non classificati come pericolosi. | H6: to be tested
A7: 3 | B7: Pipeline CRM — Gestione Opportunità | C7: 1 | D7: Blocco avanzamento senza tipologia (validazione backend) | E7: Opportunità senza tipologia. | F7: Via API o modificando direttamente i campi, tenta di scrivere uno stage > 'Nuovo' senza tipologia. | G7: La validazione backend blocca la scrittura con messaggio di errore. Il controllo è applicato anche senza passare dall'interfaccia grafica. | H7: to be tested
A8: 3 | B8: Pipeline CRM — Gestione Opportunità | C8: 2 | D8: Blocco avanzamento RS senza documentazione (backend) | E8: Opportunità RS in 'Preso in carico' con documentazione incompleta. | F8: Tenta di impostare lo stage su 'Elaborazione proposta' con meno di 4 campi documentazione completati. Verifica il messaggio di errore restituito. | G8: Errore di validazione specifico per RS. Il messaggio indica quali campi documentazione devono essere completati. | H8: to be tested
A9: 3 | B9: Pipeline CRM — Gestione Opportunità | C9: 3 | D9: Blocco passaggio manuale a 'Proposta inviata' | E9: Opportunità senza offerte in stato 'inviata' o 'accettata'. | F9: Tenta di spostare manualmente lo stage su 'Proposta inviata' via trascinamento kanban o modifica campo. | G9: Il sistema blocca con popup di errore. Lo stage 'Proposta inviata' è raggiungibile solo via invio offerta per firma digitale. | H9: to be tested
A10: 3 | B10: Pipeline CRM — Gestione Opportunità | C10: 4 | D10: Blocco passaggio manuale a 'Attesa documenti' | E10: Opportunità in 'Proposta inviata' senza offerte accettate. | F10: Tenta di spostare manualmente lo stage su 'Attesa documenti'. | G10: Il sistema blocca con popup di errore. Lo stage 'Attesa documenti' è raggiungibile solo via accettazione offerta. | H10: to be tested
A11: 4 | B11: Offerta Rifiuti Speciali | C11: 1 | D11: Verifica formato protocollo RS auto-generato | E11: Offerta RS appena inviata in approvazione con referente commerciale 'Noemi Menegazzo' (NM). | F11: Dopo l'invio in approvazione, apri l'offerta e leggi il campo 'Protocollo'. | G11: Il protocollo è nel formato: O + 4 cifre progressive + / + anno corrente + / + iniziali referente (es. O0001/2026/NM). Il campo non è modificabile manualmente. | H11: to be tested
A12: 4 | B12: Offerta Rifiuti Speciali | C12: 2 | D12: Blocco prezzi negativi su righe CER | E12: Offerta RS in bozza con riga CER. | F12: Modifica il prezzo di vendita di una riga CER inserendo un valore negativo (es. -10). Salva. | G12: Errore di validazione. I valori di costo, markup e prezzo di vendita sulle righe CER non possono essere negativi. | H12: to be tested
A13: 4 | B13: Offerta Rifiuti Speciali | C13: 3 | D13: Verifica onchange prezzi bidirezionale — 3 scenari | E13: Offerta RS in bozza con riga CER e prezzi impostati. | F13: 1. Modifica solo 'Costo': verifica che 'Markup' e 'Prezzo di vendita' si aggiornino. 2. Modifica solo 'Markup %': verifica che 'Costo' e 'Prezzo di vendita' si aggiornino. 3. Modifica solo 'Prezzo di vendita': verifica che 'Costo' e 'Markup' si aggiornino. | G13: In tutti e 3 i casi i valori sono sempre coerenti: prezzo vendita = costo × (1 + markup/100). La modifica di un campo aggiorna automaticamente gli altri due. | H13: to be tested
... A22: 8 | B22: Documenti Cliente & Chiusura | C22: 3 | D22: Verifica cron reminder approvazioni attivo | E22: Almeno un'offerta in stato 'In approvazione'. Accesso admin. | F22: Vai in Impostazioni → Tecnico → Automazione → Azioni Pianificate. Cerca il cron 'Reminder Approvazioni Offerte'. Verifica stato e frequenza. | G22: Il cron è presente, abilitato e configurato con cadenza giornaliera. Le offerte in attesa di approvazione ricevono un promemoria automatico al responsabile. | H22: to be tested

Sheet Data validation
A1: Test Result — valori validi | C1: Issue Status | E1: Issue Priority
A2: to be tested | C2: opened | E2: P1 - Critical
A3: passed | C3: in progress | E3: P2 - High
A4: to be retested | C4: resolved | E4: P3 - Medium
A5: failed | C5: to be tested | E5: P4 - Low
A6: blocked | C6: closed
A7: post-poned
